2025-07-01T11:56:20.031574,https://httpstat.us/503,DOWN,N/A
2025-07-01T11:56:36.576885,https://httpstat.us/200?sleep=5000,DOWN,N/A
2025-07-01T11:56:38.970658,https://example.com,UP,2.39
2025-07-01T11:56:41.130820,https://abcxyzfake.site,DOWN,N/A
2025-07-01T11:56:49.336880,https://postman-echo.com/status/500,DOWN,3.08
2025-07-01T12:35:50.782419,https://httpstat.us/503,DOWN,4.56
2025-07-01T12:36:06.923208,https://httpstat.us/200?sleep=5000,DOWN,N/A
2025-07-01T12:36:09.471611,https://example.com,UP,2.54
2025-07-01T12:36:12.207617,https://abcxyzfake.site,DOWN,N/A
2025-07-01T12:36:20.301461,https://postman-echo.com/status/500,DOWN,2.52
2025-07-01T07:12:23.758014,https://talentlens---see-beyond-resume-cadet-07.streamlit.app/,PENDING,N/A
2025-07-01T07:26:26.434077,https://google.com,PENDING,N/A
2025-07-01T07:26:32.243462,https://google.com,PENDING,N/A
2025-07-01T07:28:36.910482,https://whatspp.com,NEW,N/A
2025-07-01T07:32:01.507567,https://youtube.com,UP,1377
2025-07-01T07:34:26.282588,https://talentlens---see-beyond-resume-cadet-07.streamlit.app/,UP,610
2025-07-01T07:34:52.763739,https://whatspp.com,UP,2005
2025-07-01T07:35:49.769010,https://google.com,UP,1926
2025-07-01T07:36:23.571246,https://postman-echo.com/status/500,DOWN,2172
2025-07-01T07:39:31.180872,https://youtube.com,UP,1446
2025-07-01T07:45:34.241079,https://talentlens---see-beyond-resume-cadet-07.streamlit.app/,UP,664
2025-07-01T07:49:26.638601,https://whatspp.com,UP,1830
2025-07-01T07:49:56.300913,https://postman-echo.com/status/500,DOWN,1961
2025-07-01T07:52:07.172860,https://google.com,UP,2013
2025-07-01T13:22:30.346267,https://httpstat.us/503,DOWN,N/A
2025-07-01T13:22:46.603248,https://httpstat.us/200?sleep=5000,DOWN,N/A
2025-07-01T13:22:48.700954,https://example.com,UP,2.09
2025-07-01T13:22:50.822525,https://abcxyzfake.site,DOWN,N/A
2025-07-01T13:22:56.856299,https://postman-echo.com/status/500,DOWN,2.11
2025-07-01T07:54:59.821697,https://example.com,UP,2011
2025-07-01T13:31:02.511114,https://httpstat.us/503,DOWN,N/A
2025-07-01T13:31:19.222980,https://httpstat.us/200?sleep=5000,DOWN,N/A
2025-07-01T13:31:21.269005,https://example.com,UP,2041
2025-07-01T13:31:23.328554,https://abcxyzfake.site,DOWN,N/A
2025-07-01T13:31:29.532141,https://postman-echo.com/status/500,DOWN,2140
